Date,Marketing Channel,Impressions,Clicks,Leads,Qualified Leads,Sales Calls,Customers,Revenue,Ad Spend
2025-01-01,Email Marketing,3325,486,192,121,94,29,170528.84,1969.61
2025-01-01,Facebook Ads,15213,389,59,32,24,5,21834.05,3607.11
2025-01-01,Google Ads,8745,511,139,81,58,15,113977.93,7450.81
2025-01-01,Instagram Ads,10346,211,35,14,9,1,4532.72,1908.5
2025-01-01,LinkedIn Ads,3824,136,27,18,14,4,43410.48,5732.52
2025-01-01,Organic Search,7098,424,85,50,35,14,105842.86,688.33
2025-01-01,Referral,2640,312,155,112,97,47,458984.27,685.09
2025-01-01,YouTube Ads,5619,78,11,4,2,0,0.0,1426.42
2025-01-02,Email Marketing,5613,617,186,104,78,28,168479.96,1815.87
2025-01-02,Facebook Ads,8066,219,48,24,18,3,12695.21,2301.53
2025-01-02,Google Ads,7809,361,77,47,33,11,61557.62,7841.8
2025-01-02,Instagram Ads,16494,362,57,22,14,2,10150.23,4382.82
2025-01-02,LinkedIn Ads,5548,163,31,21,17,6,74813.87,7403.35
2025-01-02,Organic Search,14168,707,164,94,66,23,149124.27,1116.71
2025-01-02,Referral,3789,685,317,233,200,83,715296.22,1907.81
2025-01-02,YouTube Ads,10652,297,51,18,11,2,11442.92,5399.5
2025-01-03,Email Marketing,4838,601,218,131,99,37,198802.37,1780.37
2025-01-03,Facebook Ads,14225,363,67,36,28,6,27610.54,4167.51
2025-01-03,Google Ads,5069,229,55,29,20,5,29848.04,5365.26
2025-01-03,Instagram Ads,10133,127,23,10,6,1,4279.12,1696.45
2025-01-03,LinkedIn Ads,2579,76,21,13,10,3,40923.25,2641.21
2025-01-03,Organic Search,6366,405,102,51,37,13,84800.29,927.59
2025-01-03,Referral,3072,426,210,139,113,46,443072.83,1213.84
2025-01-03,YouTube Ads,6805,157,32,13,8,1,5794.43,1716.17
2025-01-04,Email Marketing,3677,356,141,83,69,25,150131.85,1560.86
2025-01-04,Facebook Ads,13348,217,36,19,14,2,10654.01,1890.14
2025-01-04,Google Ads,11903,583,136,75,60,20,146792.53,13333.71
2025-01-04,Instagram Ads,5997,87,15,7,5,1,4274.5,1042.72
2025-01-04,LinkedIn Ads,2806,98,24,17,13,4,47354.32,3123.6
2025-01-04,Organic Search,9513,567,122,69,49,17,111032.64,1298.97
2025-01-04,Referral,3248,634,311,213,166,81,801897.12,1176.94
2025-01-04,YouTube Ads,9983,270,46,18,13,2,10227.21,3157.63
2025-01-05,Email Marketing,3767,457,138,76,63,21,126934.22,1088.2
2025-01-05,Facebook Ads,15749,411,90,45,31,7,39341.59,5616.53
2025-01-05,Google Ads,12207,621,159,81,64,22,144209.76,9563.92
2025-01-05,Instagram Ads,14057,374,65,29,21,5,26957.93,4455.75
2025-01-05,LinkedIn Ads,4726,126,27,16,12,3,38139.67,4953.31
2025-01-05,Organic Search,10990,534,133,67,45,18,142421.21,1111.4
2025-01-05,Referral,2701,533,240,163,140,59,426886.78,1000.94
2025-01-05,YouTube Ads,4400,128,26,11,7,1,4500.49,1480.24
2025-01-06,Email Marketing,6293,575,176,108,81,29,178377.5,2771.9
2025-01-06,Facebook Ads,13035,243,45,23,14,2,8162.92,2022.25
2025-01-06,Google Ads,10492,539,143,77,64,20,136703.24,10533.97
2025-01-06,Instagram Ads,16410,381,65,25,17,3,14003.11,3128.93
2025-01-06,LinkedIn Ads,3594,116,28,16,12,4,57129.8,4647.28
2025-01-06,Organic Search,9493,623,147,81,64,24,209185.25,1820.64
2025-01-06,Referral,1587,169,69,44,34,15,119353.9,193.06
2025-01-06,YouTube Ads,10914,114,23,9,5,1,5754.94,1856.99
2025-01-07,Email Marketing,4466,460,168,105,87,32,191642.9,1045.86
2025-01-07,Facebook Ads,12464,332,61,32,24,5,27545.43,4401.02
2025-01-07,Google Ads,12350,668,152,80,65,21,130994.91,15968.57
2025-01-07,Instagram Ads,8134,215,37,18,11,2,7643.35,2090.75
2025-01-07,LinkedIn Ads,5621,122,25,18,15,5,61211.14,5201.68
2025-01-07,Organic Search,6518,403,94,55,39,14,115983.45,518.25
2025-01-07,Referral,2854,314,128,92,72,34,246297.58,757.52
2025-01-07,YouTube Ads,5593,166,29,11,7,1,5506.76,3296.76
2025-01-08,Email Marketing,6146,791,273,167,135,52,289220.17,1689.84
2025-01-08,Facebook Ads,8136,179,27,11,7,1,5166.74,2366.79
2025-01-08,Google Ads,8762,284,78,45,34,11,71256.63,4291.8
2025-01-08,Instagram Ads,17583,316,49,24,15,4,22959.03,2238.89
2025-01-08,LinkedIn Ads,2172,82,19,14,10,3,37846.47,4049.66
2025-01-08,Organic Search,14553,1100,260,146,104,38,268282.15,2120.14
2025-01-08,Referral,2750,296,147,110,93,42,396538.17,479.24
2025-01-08,YouTube Ads,9793,129,27,12,8,1,4836.49,2081.31
2025-01-09,Email Marketing,6090,639,198,122,97,36,241357.07,2275.15
2025-01-09,Facebook Ads,15129,313,77,40,31,7,31827.7,3412.87
2025-01-09,Google Ads,14327,802,164,82,62,20,109025.01,19145.95
2025-01-09,Instagram Ads,7620,196,39,20,15,3,17068.59,2427.05
2025-01-09,LinkedIn Ads,5398,134,30,18,15,5,66792.52,4632.76
2025-01-09,Organic Search,10967,684,184,99,68,23,180801.36,1717.03
2025-01-09,Referral,3112,377,155,100,81,37,307559.72,672.75
2025-01-09,YouTube Ads,11329,192,35,16,10,2,11798.08,3575.74
2025-01-10,Email Marketing,5517,707,214,134,108,33,225777.58,3266.86
2025-01-10,Facebook Ads,15600,290,45,18,12,2,10563.5,2601.82
2025-01-10,Google Ads,6470,373,92,49,37,12,71835.06,7059.47
2025-01-10,Instagram Ads,9000,157,33,14,10,1,3881.74,1310.33
2025-01-10,LinkedIn Ads,2675,68,13,7,5,1,11821.35,2320.61
2025-01-10,Organic Search,6549,334,88,50,35,12,89442.83,581.48
2025-01-10,Referral,2854,390,174,126,98,41,397110.44,946.41
2025-01-10,YouTube Ads,8581,177,27,11,7,1,4754.57,2246.56
2025-01-11,Email Marketing,2890,337,114,73,55,18,121158.26,1654.13
2025-01-11,Facebook Ads,14849,333,52,24,17,4,17020.64,3670.2
2025-01-11,Google Ads,4420,175,38,20,14,4,28149.23,3488.79
2025-01-11,Instagram Ads,8603,153,28,12,7,1,4274.45,1719.78
2025-01-11,LinkedIn Ads,2046,47,9,5,3,0,0.0,1572.97
2025-01-11,Organic Search,11350,571,122,69,54,21,143638.68,1223.78
2025-01-11,Referral,2812,333,143,99,82,34,300283.24,409.48
2025-01-11,YouTube Ads,5967,129,20,8,5,0,0.0,1724.22
2025-01-12,Email Marketing,4217,578,198,116,92,30,180163.22,2452.35
2025-01-12,Facebook Ads,11610,245,45,24,18,5,27308.67,2173.17
2025-01-12,Google Ads,4788,285,66,41,30,9,61082.25,6156.65
2025-01-12,Instagram Ads,14723,219,29,14,9,2,10781.07,1747.27
2025-01-12,LinkedIn Ads,2385,55,10,7,5,1,14386.0,2044.71
2025-01-12,Organic Search,6876,522,120,66,52,21,185209.42,644.04
2025-01-12,Referral,2450,327,135,98,82,37,346534.29,911.61
2025-01-12,YouTube Ads,5152,83,13,6,3,0,0.0,1462.84
2025-01-13,Email Marketing,6536,592,211,128,101,37,253492.07,2843.44
2025-01-13,Facebook Ads,10751,277,61,30,22,5,23456.96,2704.24
2025-01-13,Google Ads,8420,460,97,60,43,12,65397.03,10107.56
2025-01-13,Instagram Ads,8997,238,43,18,12,3,14917.38,1921.48
2025-01-13,LinkedIn Ads,4023,129,23,16,13,4,58449.99,5667.36
2025-01-13,Organic Search,10057,447,124,72,50,22,166243.31,1224.69
2025-01-13,Referral,2773,387,156,106,91,36,295002.22,645.13
2025-01-13,YouTube Ads,8761,248,43,17,12,2,9809.76,3037.02
2025-01-14,Email Marketing,5003,596,188,106,88,34,188410.64,1859.48
2025-01-14,Facebook Ads,8157,203,34,18,12,2,11987.5,1745.28
2025-01-14,Google Ads,6408,226,56,31,25,7,48277.55,4476.13
2025-01-14,Instagram Ads,12524,269,36,17,10,2,8362.75,2269.28
2025-01-14,LinkedIn Ads,2146,63,14,8,6,2,24407.63,2550.73
2025-01-14,Organic Search,11795,664,134,69,52,21,139984.25,699.98
2025-01-14,Referral,1693,283,113,74,63,26,200578.26,652.45
2025-01-14,YouTube Ads,5696,84,16,7,5,0,0.0,1401.19
2025-01-15,Email Marketing,6167,604,189,119,100,35,194061.51,1519.08
2025-01-15,Facebook Ads,13057,370,85,38,26,6,27216.76,4488.86
2025-01-15,Google Ads,7931,451,90,46,33,8,53993.0,7132.27
2025-01-15,Instagram Ads,13865,257,46,20,13,3,12240.68,3172.73
2025-01-15,LinkedIn Ads,5473,162,43,30,23,6,76249.03,5730.51
2025-01-15,Organic Search,6165,472,98,54,38,15,127338.38,1086.94
2025-01-15,Referral,1619,163,67,49,42,19,170907.09,358.77
2025-01-15,YouTube Ads,6227,176,31,12,8,1,5476.07,2052.66
2025-01-16,Email Marketing,4360,528,177,98,82,25,147300.29,2561.18
2025-01-16,Facebook Ads,14796,327,70,37,28,6,27147.17,2687.38
2025-01-16,Google Ads,5827,280,62,34,25,7,41239.56,5933.33
2025-01-16,Instagram Ads,13545,173,30,13,8,2,7900.55,1340.09
2025-01-16,LinkedIn Ads,4912,146,36,23,17,6,80840.89,6714.29
2025-01-16,Organic Search,7666,472,127,72,55,22,188046.91,1125.51
2025-01-16,Referral,1749,260,109,81,70,28,273720.86,626.9
2025-01-16,YouTube Ads,6264,133,28,9,6,1,5942.12,2559.45
2025-01-17,Email Marketing,6835,739,257,157,131,52,303447.75,3181.26
2025-01-17,Facebook Ads,10760,180,28,14,9,2,9261.16,1522.35
2025-01-17,Google Ads,14442,638,182,114,85,28,190086.67,9168.11
2025-01-17,Instagram Ads,12934,318,50,23,17,4,15395.21,2744.57
2025-01-17,LinkedIn Ads,5480,111,29,19,15,5,58767.8,5545.41
2025-01-17,Organic Search,9792,680,148,75,54,20,134016.47,1082.98
2025-01-17,Referral,1126,114,56,38,31,14,137898.37,163.76
2025-01-17,YouTube Ads,10504,123,22,10,7,1,4334.07,1984.5
2025-01-18,Email Marketing,6327,929,358,225,183,64,372282.01,2100.43
2025-01-18,Facebook Ads,9048,161,36,16,10,2,11711.01,2284.03
2025-01-18,Google Ads,12674,468,137,81,64,19,105062.1,7631.53
2025-01-18,Instagram Ads,15252,225,37,17,12,2,8497.76,2859.94
2025-01-18,LinkedIn Ads,2460,75,17,11,8,3,31942.72,2648.4
2025-01-18,Organic Search,7951,400,103,56,38,14,87197.5,946.61
2025-01-18,Referral,3020,451,202,143,123,53,460951.38,1062.57
2025-01-18,YouTube Ads,5838,160,32,14,10,2,11348.05,2733.38
2025-01-19,Email Marketing,2985,434,160,89,69,25,154108.52,955.69
2025-01-19,Facebook Ads,15223,257,47,24,16,4,20059.74,3553.01
2025-01-19,Google Ads,10178,513,134,82,59,19,96667.1,11654.56
2025-01-19,Instagram Ads,6009,99,18,9,6,1,4879.97,1132.37
2025-01-19,LinkedIn Ads,4351,96,24,16,13,4,58640.56,4094.63
2025-01-19,Organic Search,7746,502,102,59,47,21,134195.43,1254.65
2025-01-19,Referral,2783,285,114,77,63,30,250131.24,674.48
2025-01-19,YouTube Ads,5878,176,31,12,7,1,4441.54,2980.88
2025-01-20,Email Marketing,7604,936,355,212,161,50,293030.59,3797.07
2025-01-20,Facebook Ads,13036,320,60,26,20,4,17839.64,4562.78
2025-01-20,Google Ads,5823,293,77,41,34,9,70477.63,5368.74
2025-01-20,Instagram Ads,9344,116,21,9,6,1,4171.05,1598.17
2025-01-20,LinkedIn Ads,5474,194,49,35,28,10,101626.31,6329.23
2025-01-20,Organic Search,7804,465,95,53,37,15,110484.91,753.64
2025-01-20,Referral,1034,110,48,33,27,11,105384.04,262.9
2025-01-20,YouTube Ads,10458,112,20,7,4,0,0.0,1279.6
2025-01-21,Email Marketing,5737,787,271,166,133,49,250914.5,1766.73
2025-01-21,Facebook Ads,8398,135,25,10,7,1,4400.3,1836.55
2025-01-21,Google Ads,11181,571,146,73,54,16,96830.09,8495.72
2025-01-21,Instagram Ads,8842,120,22,10,6,1,4882.59,883.66
2025-01-21,LinkedIn Ads,4836,180,45,32,24,9,130266.75,5688.41
2025-01-21,Organic Search,8223,381,102,53,42,16,133905.53,519.77
2025-01-21,Referral,2976,445,202,145,116,57,510205.69,1312.57
2025-01-21,YouTube Ads,6396,150,23,8,5,0,0.0,2802.41
2025-01-22,Email Marketing,5226,606,203,123,94,31,171004.27,2974.39
2025-01-22,Facebook Ads,13263,343,68,36,28,6,31108.2,3408.66
2025-01-22,Google Ads,12427,531,124,68,57,14,94304.37,12037.94
2025-01-22,Instagram Ads,17035,261,48,22,16,3,16854.2,3134.81
2025-01-22,LinkedIn Ads,2718,67,18,11,9,3,43061.25,2341.29
2025-01-22,Organic Search,11910,631,165,84,66,26,161732.75,928.9
2025-01-22,Referral,1509,229,99,72,59,25,228008.29,511.65
2025-01-22,YouTube Ads,6169,82,12,5,3,0,0.0,1512.22
2025-01-23,Email Marketing,7849,679,249,147,123,39,260372.99,2768.88
2025-01-23,Facebook Ads,8472,142,27,14,9,2,8593.37,1177.32
2025-01-23,Google Ads,10853,608,134,69,51,13,101527.62,11741.51
2025-01-23,Instagram Ads,17852,489,63,32,22,5,24155.96,4979.57
2025-01-23,LinkedIn Ads,3955,131,25,15,11,4,53468.65,4458.86
2025-01-23,Organic Search,14501,976,234,131,102,41,360506.69,1035.32
2025-01-23,Referral,3068,514,216,154,126,58,520465.08,623.58
2025-01-23,YouTube Ads,11995,131,28,11,8,1,5476.9,2052.79
2025-01-24,Email Marketing,4900,528,189,114,92,34,218832.37,2343.77
2025-01-24,Facebook Ads,17814,299,61,24,16,3,16172.8,3221.19
2025-01-24,Google Ads,13785,580,134,80,65,21,132441.75,12747.32
2025-01-24,Instagram Ads,11274,216,32,13,8,1,5136.43,2424.41
2025-01-24,LinkedIn Ads,4477,131,28,20,15,5,58531.2,3997.18
2025-01-24,Organic Search,14599,594,128,64,48,21,184403.18,883.26
2025-01-24,Referral,1180,228,99,65,53,22,174281.14,357.9
2025-01-24,YouTube Ads,10621,220,37,16,11,1,4243.77,3109.81
2025-01-25,Email Marketing,5201,580,208,117,96,37,192082.88,1537.13
2025-01-25,Facebook Ads,16621,369,85,41,26,6,31219.34,5409.47
2025-01-25,Google Ads,5789,291,63,36,29,7,40387.82,5724.88
2025-01-25,Instagram Ads,13609,355,53,21,14,3,16800.14,4572.06
2025-01-25,LinkedIn Ads,2901,71,18,11,9,3,31433.03,3077.92
2025-01-25,Organic Search,5280,346,86,47,33,12,89883.61,757.38
2025-01-25,Referral,3368,382,179,123,101,47,468767.1,911.02
2025-01-25,YouTube Ads,5013,60,12,5,3,0,0.0,651.39
2025-01-26,Email Marketing,5375,729,286,164,129,40,274160.08,3628.56
2025-01-26,Facebook Ads,9183,212,50,24,17,3,16016.92,2190.17
2025-01-26,Google Ads,5880,233,51,28,19,5,37005.35,3419.54
2025-01-26,Instagram Ads,15245,344,61,29,19,3,17145.75,3762.01
2025-01-26,LinkedIn Ads,2296,77,15,10,7,2,23475.72,3474.49
2025-01-26,Organic Search,9230,680,164,92,63,26,220433.28,853.69
2025-01-26,Referral,2844,485,195,132,106,46,451300.18,570.01
2025-01-26,YouTube Ads,7545,121,21,8,5,1,4993.93,2322.46
2025-01-27,Email Marketing,3129,279,110,66,55,18,108221.11,818.99
2025-01-27,Facebook Ads,18416,498,114,50,33,7,37729.32,4588.91
2025-01-27,Google Ads,14921,828,182,116,83,27,206115.92,14743.56
2025-01-27,Instagram Ads,10807,298,55,27,16,4,19096.5,4010.87
2025-01-27,LinkedIn Ads,4425,156,30,20,15,4,41363.45,5826.71
2025-01-27,Organic Search,9955,440,110,57,42,17,105128.83,573.78
2025-01-27,Referral,3342,487,197,147,115,53,409029.64,1445.1
2025-01-27,YouTube Ads,5995,74,12,4,2,0,0.0,1116.97
2025-01-28,Email Marketing,5271,733,227,135,103,34,202369.23,3087.45
2025-01-28,Facebook Ads,13397,240,44,20,15,4,16088.25,3212.43
2025-01-28,Google Ads,13139,636,146,86,66,19,145536.44,9735.32
2025-01-28,Instagram Ads,11577,228,30,12,8,1,4230.4,2450.35
2025-01-28,LinkedIn Ads,2048,50,13,9,7,2,25479.59,1609.74
2025-01-28,Organic Search,9382,523,123,71,55,24,166709.3,1346.1
2025-01-28,Referral,3064,440,187,137,107,52,463403.43,846.1
2025-01-28,YouTube Ads,9615,268,52,22,13,2,10949.74,3082.45
2025-01-29,Email Marketing,6219,728,221,142,117,38,235743.0,3596.26
2025-01-29,Facebook Ads,19478,507,93,41,28,7,30592.74,6403.2
2025-01-29,Google Ads,10122,510,104,53,42,10,50363.25,7503.41
2025-01-29,Instagram Ads,8915,121,22,10,6,1,5735.72,916.6
2025-01-29,LinkedIn Ads,3181,112,27,17,12,3,41619.51,4737.63
2025-01-29,Organic Search,11241,786,208,117,81,31,206889.25,2244.95
2025-01-29,Referral,2116,303,134,95,83,35,265734.4,376.63
2025-01-29,YouTube Ads,11208,256,43,20,14,3,13513.45,4912.45
2025-01-30,Email Marketing,6632,990,306,180,149,47,303908.7,3628.6
2025-01-30,Facebook Ads,19816,575,88,37,24,6,26562.14,7891.59
2025-01-30,Google Ads,12550,549,156,95,77,24,159241.94,8660.08
2025-01-30,Instagram Ads,12564,319,62,28,19,4,19720.18,2897.43
2025-01-30,LinkedIn Ads,4755,178,43,30,22,7,78633.76,5373.22
2025-01-30,Organic Search,11543,548,125,72,53,18,109906.81,1382.05
2025-01-30,Referral,3237,389,192,131,106,43,414087.95,626.76
2025-01-30,YouTube Ads,11974,207,37,16,11,2,9650.49,2880.46
2025-01-31,Email Marketing,5991,787,314,201,163,55,361421.68,3076.01
2025-01-31,Facebook Ads,15707,250,51,24,17,4,22439.91,3183.82
2025-01-31,Google Ads,11956,359,94,52,42,10,64429.19,7137.65
2025-01-31,Instagram Ads,9968,251,43,16,9,1,5215.36,3136.06
2025-01-31,LinkedIn Ads,5154,156,34,21,16,5,55515.3,4956.43
2025-01-31,Organic Search,7065,398,106,57,42,17,120474.01,544.84
2025-01-31,Referral,2003,205,82,60,48,21,206262.79,327.48
2025-01-31,YouTube Ads,6815,126,26,12,7,1,4965.94,1837.32
2025-02-01,Email Marketing,4026,575,173,106,89,31,158239.99,2766.02
2025-02-01,Facebook Ads,13024,221,49,24,19,3,13693.12,1856.26
2025-02-01,Google Ads,5384,174,47,27,20,6,32860.35,3767.99
2025-02-01,Instagram Ads,8396,133,28,11,7,1,5353.42,1349.71
2025-02-01,LinkedIn Ads,1922,57,10,6,5,1,12055.48,2316.96
2025-02-01,Organic Search,8303,418,108,64,45,18,138527.83,583.61
2025-02-01,Referral,2033,400,184,126,99,41,317868.9,580.25
2025-02-01,YouTube Ads,9311,197,36,13,9,2,10831.34,2103.31
2025-02-02,Email Marketing,2665,225,77,49,39,13,82076.28,521.19
2025-02-02,Facebook Ads,11515,243,52,25,16,4,19673.92,3315.69
2025-02-02,Google Ads,8870,287,70,40,28,9,63063.6,6457.43
2025-02-02,Instagram Ads,6435,158,23,9,5,1,4838.77,1942.97
2025-02-02,LinkedIn Ads,2396,89,23,16,12,4,55440.25,4423.28
2025-02-02,Organic Search,11389,628,164,97,68,27,226221.21,988.65
2025-02-02,Referral,2322,379,181,124,108,48,436209.47,498.73
2025-02-02,YouTube Ads,8969,146,30,14,8,1,4404.03,1665.44
2025-02-03,Email Marketing,5355,736,254,148,118,45,240638.54,2212.14
2025-02-03,Facebook Ads,17643,398,98,45,35,9,38987.19,4952.19
2025-02-03,Google Ads,6842,388,102,53,40,12,91766.99,5755.84
2025-02-03,Instagram Ads,16701,314,45,17,11,2,11161.03,3779.14
2025-02-03,LinkedIn Ads,2317,80,15,10,8,2,23143.5,3536.39
2025-02-03,Organic Search,12408,906,188,98,68,26,214408.45,1722.04
2025-02-03,Referral,2953,478,208,152,125,62,457485.24,1084.24
2025-02-03,YouTube Ads,9733,160,31,11,6,1,5674.08,1963.49
2025-02-04,Email Marketing,4461,641,240,151,113,44,246818.1,2679.39
2025-02-04,Facebook Ads,15837,460,109,56,43,11,63958.29,4518.12
2025-02-04,Google Ads,7792,384,103,59,44,11,65030.23,5503.45
2025-02-04,Instagram Ads,14378,301,42,18,12,3,13682.4,3258.79
2025-02-04,LinkedIn Ads,5907,131,29,17,13,5,71458.54,4663.7
2025-02-04,Organic Search,13464,690,186,95,72,29,195044.76,823.22
2025-02-04,Referral,1037,152,65,46,37,15,107166.43,377.93
2025-02-04,YouTube Ads,11320,306,60,26,19,3,13437.06,3301.65
2025-02-05,Email Marketing,5438,683,269,164,135,47,241667.63,2665.28
2025-02-05,Facebook Ads,15187,253,40,21,15,4,20574.18,3580.67
2025-02-05,Google Ads,12945,401,103,66,54,16,119905.93,5869.2
2025-02-05,Instagram Ads,12691,239,37,16,11,2,9373.52,3166.19
2025-02-05,LinkedIn Ads,4428,144,34,23,17,5,59612.78,4620.17
2025-02-05,Organic Search,8289,451,107,53,36,13,90922.53,1327.32
2025-02-05,Referral,2446,292,134,90,72,32,224735.75,295.22
2025-02-05,YouTube Ads,6533,70,11,4,2,0,0.0,1058.87
2025-02-06,Email Marketing,5281,558,174,102,84,25,142738.56,1250.22
2025-02-06,Facebook Ads,13922,355,88,36,24,5,24110.21,3888.24
2025-02-06,Google Ads,14317,600,125,74,53,15,114340.01,11444.47
2025-02-06,Instagram Ads,16983,397,73,30,22,6,22818.78,5061.11
2025-02-06,LinkedIn Ads,4545,95,19,11,8,2,23838.39,3067.53
2025-02-06,Organic Search,14475,966,245,131,98,34,297155.27,2194.94
2025-02-06,Referral,2837,531,250,165,143,58,430731.86,1098.07
2025-02-06,YouTube Ads,5081,93,15,6,4,0,0.0,1044.39
2025-02-07,Email Marketing,4703,399,136,79,64,23,125023.06,1234.42
2025-02-07,Facebook Ads,11675,313,60,31,23,6,29171.82,4512.35
2025-02-07,Google Ads,8431,437,115,72,57,16,93218.3,9058.86
2025-02-07,Instagram Ads,10507,223,36,16,11,2,8267.44,2145.68
2025-02-07,LinkedIn Ads,3722,85,22,14,10,3,39553.53,3647.9
2025-02-07,Organic Search,14892,866,220,113,83,29,257869.51,1741.45
2025-02-07,Referral,2152,223,89,61,48,19,159135.81,560.27
2025-02-07,YouTube Ads,7024,196,30,14,9,2,11306.83,3141.77
2025-02-08,Email Marketing,5187,488,165,91,72,25,173201.44,1309.43
2025-02-08,Facebook Ads,12447,287,64,33,23,5,21946.24,2817.0
2025-02-08,Google Ads,12614,487,144,80,60,17,92861.4,9454.66
2025-02-08,Instagram Ads,6489,113,17,8,5,1,4078.39,1250.15
2025-02-08,LinkedIn Ads,3209,104,23,15,12,4,51387.55,4416.68
2025-02-08,Organic Search,12057,830,201,117,81,34,285009.49,1037.2
2025-02-08,Referral,1553,291,143,95,78,38,364444.42,572.34
2025-02-08,YouTube Ads,7752,135,22,8,5,0,0.0,2040.22
2025-02-09,Email Marketing,2587,387,142,89,69,20,133365.78,1630.67
2025-02-09,Facebook Ads,8844,147,34,15,11,3,17300.79,1240.27
2025-02-09,Google Ads,9156,512,152,85,70,22,173099.11,10104.47
2025-02-09,Instagram Ads,10141,204,38,19,11,2,10490.83,2410.07
2025-02-09,LinkedIn Ads,4054,91,19,12,9,2,29574.48,3113.48
2025-02-09,Organic Search,10764,492,128,73,55,23,180338.68,1324.39
2025-02-09,Referral,1075,159,64,44,36,14,102661.92,269.92
2025-02-09,YouTube Ads,9058,262,40,19,12,2,10002.5,2821.38
2025-02-10,Email Marketing,5762,670,210,131,101,35,184367.99,1911.39
2025-02-10,Facebook Ads,17641,510,97,51,35,8,42247.62,4886.92
2025-02-10,Google Ads,12945,662,135,68,51,14,81802.19,10806.38
2025-02-10,Instagram Ads,17768,384,62,29,18,4,18794.8,4040.29
2025-02-10,LinkedIn Ads,4343,141,26,18,13,4,56079.17,6549.55
2025-02-10,Organic Search,11666,491,127,67,45,18,122913.16,537.01
2025-02-10,Referral,3120,331,160,104,83,39,284921.41,540.37
2025-02-10,YouTube Ads,7521,115,24,9,6,1,5819.89,1648.89
2025-02-11,Email Marketing,7110,992,318,195,155,60,381337.58,2626.04
2025-02-11,Facebook Ads,8052,140,30,14,11,3,16215.24,2051.76
2025-02-11,Google Ads,8773,516,107,64,49,14,99562.0,10488.79
2025-02-11,Instagram Ads,10278,140,28,13,7,1,4800.8,1917.66
2025-02-11,LinkedIn Ads,3730,108,21,13,9,2,24165.04,4897.95
2025-02-11,Organic Search,11469,594,125,70,53,20,143707.85,1360.06
2025-02-11,Referral,3139,376,183,124,101,40,341903.43,459.86
2025-02-11,YouTube Ads,6873,183,27,10,6,0,0.0,2057.59
2025-02-12,Email Marketing,7492,1010,381,226,178,58,316475.3,2219.06
2025-02-12,Facebook Ads,16130,317,72,37,26,7,28237.27,2814.6
2025-02-12,Google Ads,9928,418,105,61,42,12,78685.16,9879.43
2025-02-12,Instagram Ads,15471,385,54,22,13,2,9671.84,4778.62
2025-02-12,LinkedIn Ads,3392,93,16,10,8,3,30353.92,4365.53
2025-02-12,Organic Search,8219,487,126,68,46,20,167111.37,1405.21
2025-02-12,Referral,3973,613,304,199,162,68,504723.8,853.09
2025-02-12,YouTube Ads,9356,239,45,16,11,2,10696.52,3317.72
2025-02-13,Email Marketing,7268,704,278,158,133,53,369001.24,2911.16
2025-02-13,Facebook Ads,9767,147,31,14,9,2,8967.57,1721.02
2025-02-13,Google Ads,7599,306,89,48,36,12,62239.32,6449.63
2025-02-13,Instagram Ads,12506,286,39,16,11,2,9331.26,3096.25
2025-02-13,LinkedIn Ads,2175,50,11,6,4,1,13965.71,2481.19
2025-02-13,Organic Search,11125,560,131,73,50,20,131406.46,1658.92
2025-02-13,Referral,3377,644,318,237,197,98,733531.4,1619.42
2025-02-13,YouTube Ads,8338,203,33,14,9,1,5543.25,3177.12
2025-02-14,Email Marketing,5820,611,223,128,98,38,228452.8,1408.61
2025-02-14,Facebook Ads,11860,328,73,30,21,4,21299.47,3728.12
2025-02-14,Google Ads,9988,303,60,33,27,7,39663.59,6164.12
2025-02-14,Instagram Ads,8303,138,22,11,8,1,4543.45,1701.13
2025-02-14,LinkedIn Ads,3569,125,33,24,19,6,67530.04,5718.87
2025-02-14,Organic Search,7987,331,67,34,26,9,69703.8,960.2
2025-02-14,Referral,2309,364,164,119,96,41,403414.15,1014.9
2025-02-14,YouTube Ads,11247,206,42,17,11,1,4372.27,3277.73
2025-02-15,Email Marketing,5649,834,268,165,135,51,285898.95,2725.42
2025-02-15,Facebook Ads,15070,414,75,37,28,7,40262.36,3751.32
2025-02-15,Google Ads,7068,393,86,43,30,10,62282.36,7494.2
2025-02-15,Instagram Ads,10990,181,30,11,6,1,4633.13,1267.01
2025-02-15,LinkedIn Ads,3476,73,20,12,9,2,20014.74,2526.41
2025-02-15,Organic Search,7588,519,137,70,50,22,197000.65,1356.35
2025-02-15,Referral,2773,386,177,126,99,44,330086.41,933.6
2025-02-15,YouTube Ads,8894,192,41,14,8,1,5428.85,2489.4
2025-02-16,Email Marketing,6115,494,182,117,92,29,192393.43,2032.62
2025-02-16,Facebook Ads,14086,308,74,37,28,8,44913.13,3054.9
2025-02-16,Google Ads,10701,353,88,50,37,12,85099.54,7863.1
2025-02-16,Instagram Ads,7775,136,21,10,7,1,4924.15,1644.16
2025-02-16,LinkedIn Ads,4920,147,32,19,15,5,50629.84,5540.0
2025-02-16,Organic Search,9280,730,149,82,62,27,226800.28,991.71
2025-02-16,Referral,2259,315,130,95,75,32,307655.75,497.73
2025-02-16,YouTube Ads,8252,214,35,15,10,2,8048.63,4079.03
2025-02-17,Email Marketing,3896,576,179,105,86,31,176484.5,1882.48
2025-02-17,Facebook Ads,16792,353,55,28,19,4,18659.65,4517.73
2025-02-17,Google Ads,11740,370,94,51,38,10,60021.5,7478.78
2025-02-17,Instagram Ads,7622,137,29,13,9,2,9273.34,1149.83
2025-02-17,LinkedIn Ads,5003,110,22,14,10,3,37780.51,3448.51
2025-02-17,Organic Search,9578,484,104,57,40,15,133584.18,1119.74
2025-02-17,Referral,2810,302,123,91,73,29,257257.44,663.82
2025-02-17,YouTube Ads,9539,146,22,10,6,1,5220.01,2491.68
2025-02-18,Email Marketing,4293,473,176,96,77,27,148069.19,1850.88
2025-02-18,Facebook Ads,16838,475,80,39,29,7,28215.53,5157.1
2025-02-18,Google Ads,8129,309,80,50,42,10,78342.09,4804.42
2025-02-18,Instagram Ads,13412,215,36,18,12,3,15434.76,1788.75
2025-02-18,LinkedIn Ads,5908,130,23,15,10,3,36510.31,6277.83
2025-02-18,Organic Search,12426,542,117,68,52,18,119577.95,811.24
2025-02-18,Referral,1812,226,91,63,53,24,173842.74,530.14
2025-02-18,YouTube Ads,11660,312,64,30,22,4,20934.27,3744.88
2025-02-19,Email Marketing,6822,741,270,155,118,37,198737.86,1638.7
2025-02-19,Facebook Ads,11226,230,55,27,20,4,17987.07,2854.7
2025-02-19,Google Ads,12428,647,163,83,62,21,138914.91,12839.38
2025-02-19,Instagram Ads,14760,278,47,22,16,2,8769.53,3550.95
2025-02-19,LinkedIn Ads,3775,77,16,10,7,2,21053.93,3737.75
2025-02-19,Organic Search,11977,901,238,135,93,35,236245.48,1459.27
2025-02-19,Referral,2545,390,169,115,99,47,457844.17,630.08
2025-02-19,YouTube Ads,11669,192,33,14,10,2,9570.92,2116.93
2025-02-20,Email Marketing,4226,355,120,68,52,20,122275.14,1366.36
2025-02-20,Facebook Ads,13270,320,53,26,17,4,16940.41,3074.3
2025-02-20,Google Ads,10533,474,103,64,51,17,123166.15,10706.54
2025-02-20,Instagram Ads,8818,106,20,9,6,1,3838.26,804.0
2025-02-20,LinkedIn Ads,2662,100,20,13,9,2,26077.53,4038.45
2025-02-20,Organic Search,9741,556,135,76,58,21,151953.36,1112.13
2025-02-20,Referral,3611,589,266,175,147,60,445711.55,986.23
2025-02-20,YouTube Ads,9844,139,24,11,6,1,4036.25,1972.79
2025-02-21,Email Marketing,6241,531,179,112,88,35,197481.35,1952.58
2025-02-21,Facebook Ads,16681,384,89,46,35,8,44664.93,3968.79
2025-02-21,Google Ads,12927,414,102,59,46,14,70419.11,6844.55
2025-02-21,Instagram Ads,11964,178,36,18,12,2,10814.15,1729.23
2025-02-21,LinkedIn Ads,5607,134,25,18,13,4,41331.29,6614.42
2025-02-21,Organic Search,7981,431,99,50,36,14,111582.64,1054.0
2025-02-21,Referral,3126,315,132,94,77,30,279552.86,821.83
2025-02-21,YouTube Ads,8838,100,20,8,5,1,5036.02,1803.0
2025-02-22,Email Marketing,5934,587,216,124,104,37,204943.88,1745.47
2025-02-22,Facebook Ads,16063,423,88,43,33,8,34503.63,5256.51
2025-02-22,Google Ads,5442,272,71,43,31,8,57999.47,6229.91
2025-02-22,Instagram Ads,10381,243,37,15,9,1,4649.7,2066.57
2025-02-22,LinkedIn Ads,4786,144,28,17,13,4,53190.22,6686.87
2025-02-22,Organic Search,6560,444,96,53,37,15,125011.14,1167.67
2025-02-22,Referral,2790,331,135,97,79,35,272255.53,351.62
2025-02-22,YouTube Ads,4450,122,20,8,4,0,0.0,1614.09
2025-02-23,Email Marketing,6107,753,268,164,137,49,342086.56,2818.37
2025-02-23,Facebook Ads,7486,122,30,13,9,2,11990.51,1708.75
2025-02-23,Google Ads,11799,469,136,88,72,24,161522.57,7733.85
2025-02-23,Instagram Ads,8207,103,17,6,3,0,0.0,1286.08
2025-02-23,LinkedIn Ads,2763,91,18,10,8,2,20389.38,4117.39
2025-02-23,Organic Search,10888,628,161,86,60,24,210898.05,1793.8
2025-02-23,Referral,1721,262,110,82,72,33,301794.92,683.51
2025-02-23,YouTube Ads,7779,86,15,6,4,0,0.0,1669.86
2025-02-24,Email Marketing,3158,346,106,64,53,20,108449.27,1376.09
2025-02-24,Facebook Ads,10152,259,50,25,19,4,22232.82,2106.71
2025-02-24,Google Ads,10003,507,136,81,60,15,101968.6,10322.22
2025-02-24,Instagram Ads,13706,317,65,32,24,5,23018.87,3302.97
2025-02-24,LinkedIn Ads,2614,82,17,12,9,3,30779.84,3042.08
2025-02-24,Organic Search,13766,1038,223,127,90,38,231422.96,3108.27
2025-02-24,Referral,3692,599,297,206,178,72,518475.57,1000.66
2025-02-24,YouTube Ads,11827,311,65,31,18,3,13264.76,3330.92
2025-02-25,Email Marketing,5903,681,214,131,101,35,207170.88,1530.08
2025-02-25,Facebook Ads,19613,423,75,38,26,5,21296.79,4072.45
2025-02-25,Google Ads,7293,321,72,37,26,6,43667.27,7617.58
2025-02-25,Instagram Ads,9821,173,32,12,7,1,4485.29,1388.92
2025-02-25,LinkedIn Ads,5458,126,23,15,11,3,32057.23,5805.59
2025-02-25,Organic Search,8758,638,130,70,51,21,168034.38,1370.79
2025-02-25,Referral,3331,620,267,187,161,80,649152.14,1723.0
2025-02-25,YouTube Ads,6366,125,25,10,6,1,5719.59,1701.75
2025-02-26,Email Marketing,5783,804,305,173,141,45,303666.46,2134.32
2025-02-26,Facebook Ads,14812,350,69,34,23,5,26616.67,3711.82
2025-02-26,Google Ads,9068,361,88,54,38,10,55264.75,8488.72
2025-02-26,Instagram Ads,8553,180,26,10,6,1,4371.42,2300.4
2025-02-26,LinkedIn Ads,5708,224,53,32,24,9,93915.77,8365.91
2025-02-26,Organic Search,8247,416,83,48,37,15,96842.19,1040.22
2025-02-26,Referral,2374,320,131,91,79,31,236301.31,506.53
2025-02-26,YouTube Ads,6667,187,34,14,9,1,4859.97,2781.19
2025-02-27,Email Marketing,6753,599,225,129,105,37,213661.87,2867.67
2025-02-27,Facebook Ads,12084,273,57,30,21,5,20349.12,2280.01
2025-02-27,Google Ads,10969,657,181,101,83,22,123493.59,9398.15
2025-02-27,Instagram Ads,13062,248,50,20,12,2,7798.46,2148.26
2025-02-27,LinkedIn Ads,4898,108,26,16,11,3,35881.4,4971.12
2025-02-27,Organic Search,6595,268,71,39,30,11,66993.43,452.96
2025-02-27,Referral,3884,647,319,215,180,84,801723.53,1057.91
2025-02-27,YouTube Ads,11630,322,64,25,16,3,16296.3,3253.12
2025-02-28,Email Marketing,3034,287,105,62,48,18,122730.31,1345.08
2025-02-28,Facebook Ads,12120,333,81,34,23,6,25108.33,2808.08
2025-02-28,Google Ads,12062,587,175,95,71,18,104096.62,10817.23
2025-02-28,Instagram Ads,8790,189,27,13,8,1,4741.92,1649.33
2025-02-28,LinkedIn Ads,4647,162,41,28,23,8,82224.22,7312.84
2025-02-28,Organic Search,8824,596,132,68,47,18,152871.26,1108.51
2025-02-28,Referral,1359,235,106,71,58,24,199236.76,515.16
2025-02-28,YouTube Ads,6150,75,14,6,3,0,0.0,1244.0
2025-03-01,Email Marketing,2763,231,85,50,38,13,80018.43,637.23
2025-03-01,Facebook Ads,14970,248,51,23,15,4,16537.87,2356.71
2025-03-01,Google Ads,11228,527,140,88,66,18,134633.76,7434.97
2025-03-01,Instagram Ads,11511,274,36,16,11,2,9871.9,2248.9
2025-03-01,LinkedIn Ads,2707,104,27,20,15,5,58687.97,4016.97
2025-03-01,Organic Search,7847,572,151,82,59,22,153659.85,1493.74
2025-03-01,Referral,1383,150,67,46,39,16,150803.48,264.3
2025-03-01,YouTube Ads,9150,161,29,11,8,1,5367.73,3113.34
2025-03-02,Email Marketing,3216,443,134,79,60,23,125643.51,1626.31
2025-03-02,Facebook Ads,14090,225,43,17,12,3,12460.82,2842.3
2025-03-02,Google Ads,8768,271,67,37,26,8,53492.53,6425.82
2025-03-02,Instagram Ads,9266,192,31,15,11,2,8621.35,1845.93
2025-03-02,LinkedIn Ads,2059,55,12,8,6,1,10908.89,2084.79
2025-03-02,Organic Search,8943,619,171,89,69,30,237187.29,1753.53
2025-03-02,Referral,2456,344,163,114,96,42,397883.41,847.27
2025-03-02,YouTube Ads,5121,136,25,11,7,1,4502.34,2604.48
2025-03-03,Email Marketing,5085,463,146,86,71,27,156227.61,1042.85
2025-03-03,Facebook Ads,8076,239,58,26,19,4,22443.44,3034.74
2025-03-03,Google Ads,13442,598,150,81,63,17,98871.93,8606.83
2025-03-03,Instagram Ads,17414,320,64,26,20,3,15357.04,3591.9
2025-03-03,LinkedIn Ads,4752,106,29,18,14,4,50929.17,3831.3
2025-03-03,Organic Search,6902,280,70,39,27,10,85048.42,293.28
2025-03-03,Referral,3924,445,188,138,120,53,377263.3,490.05
2025-03-03,YouTube Ads,9017,161,24,10,6,1,4080.52,2103.36
2025-03-04,Email Marketing,5859,799,300,169,129,42,244310.27,2463.5
2025-03-04,Facebook Ads,12496,290,44,20,15,4,17808.63,2775.37
2025-03-04,Google Ads,10883,456,135,78,57,18,138829.14,7622.0
2025-03-04,Instagram Ads,15990,429,59,26,17,4,16889.01,3253.83
2025-03-04,LinkedIn Ads,5009,105,24,15,11,3,32420.51,4262.88
2025-03-04,Organic Search,12117,512,103,55,42,15,101692.27,1168.9
2025-03-04,Referral,3658,693,297,199,163,69,653995.39,1624.92
2025-03-04,YouTube Ads,9711,257,45,16,11,2,9082.58,4295.17
2025-03-05,Email Marketing,7327,638,199,128,104,40,254118.7,1896.77
2025-03-05,Facebook Ads,18393,355,69,34,24,5,25642.32,3660.76
2025-03-05,Google Ads,5812,347,74,47,39,12,80801.05,7146.2
2025-03-05,Instagram Ads,16356,249,53,25,18,4,15329.6,3101.7
2025-03-05,LinkedIn Ads,5273,109,29,21,15,4,45060.53,4938.49
2025-03-05,Organic Search,11348,727,185,103,75,28,187006.88,1844.52
2025-03-05,Referral,3077,379,175,126,101,41,361537.63,478.28
2025-03-05,YouTube Ads,10946,119,23,9,6,1,4930.67,1585.05
2025-03-06,Email Marketing,4479,358,117,66,53,19,95617.25,1353.38
2025-03-06,Facebook Ads,11551,288,71,28,21,5,25002.79,3440.86
2025-03-06,Google Ads,5136,166,37,18,14,4,22095.77,3233.92
2025-03-06,Instagram Ads,7763,104,19,8,6,1,5229.44,832.31
2025-03-06,LinkedIn Ads,3173,96,23,16,13,4,58918.49,4184.9
2025-03-06,Organic Search,12559,664,168,93,67,24,203869.32,789.39
2025-03-06,Referral,3755,619,254,175,149,71,497006.54,765.35
2025-03-06,YouTube Ads,9984,171,28,9,6,1,5131.49,3347.55
2025-03-07,Email Marketing,5499,721,260,147,110,36,224431.63,2400.28
2025-03-07,Facebook Ads,11779,193,32,17,12,3,17973.41,2724.26
2025-03-07,Google Ads,10144,330,84,46,36,10,52848.96,5412.99
2025-03-07,Instagram Ads,13409,335,53,22,14,3,13291.44,3944.74
2025-03-07,LinkedIn Ads,2532,82,15,10,8,2,28728.59,3695.69
2025-03-07,Organic Search,13649,653,137,81,56,22,167730.71,1417.75
2025-03-07,Referral,1258,132,54,38,31,13,122982.63,300.37
2025-03-07,YouTube Ads,5291,105,20,7,4,0,0.0,1992.83
2025-03-08,Email Marketing,6790,757,253,149,113,43,248305.6,2456.07
2025-03-08,Facebook Ads,10457,299,45,20,13,3,13988.11,3861.51
2025-03-08,Google Ads,9206,477,112,66,50,13,86702.12,10025.29
2025-03-08,Instagram Ads,12267,224,44,19,12,3,12122.68,1961.38
2025-03-08,LinkedIn Ads,3687,145,31,18,13,4,53162.04,4819.58
2025-03-08,Organic Search,10146,585,147,74,57,25,221592.44,1344.06
2025-03-08,Referral,1236,182,83,58,47,20,163504.55,228.16
2025-03-08,YouTube Ads,5217,128,21,7,4,0,0.0,2396.05
2025-03-09,Email Marketing,5017,730,268,160,132,52,362182.21,1508.32
2025-03-09,Facebook Ads,8263,142,27,13,8,2,10346.5,1886.6
2025-03-09,Google Ads,7186,388,98,50,39,13,76556.71,6969.69
2025-03-09,Instagram Ads,13695,181,31,14,10,2,11363.52,1618.05
2025-03-09,LinkedIn Ads,2122,79,21,13,10,3,37744.25,3010.57
2025-03-09,Organic Search,5758,417,92,47,34,14,86291.75,734.71
2025-03-09,Referral,2378,452,198,132,108,43,407597.96,1193.72
2025-03-09,YouTube Ads,7748,132,27,11,7,1,5197.13,2355.42
2025-03-10,Email Marketing,7390,879,348,193,146,44,267631.77,2246.58
2025-03-10,Facebook Ads,8715,209,47,22,15,3,14651.0,1789.19
2025-03-10,Google Ads,9141,536,136,80,58,18,99981.27,10567.82
2025-03-10,Instagram Ads,8797,131,19,8,4,0,0.0,1386.24
2025-03-10,LinkedIn Ads,3531,129,25,16,11,3,38490.28,5350.57
2025-03-10,Organic Search,11810,493,135,78,55,19,121235.83,660.51
2025-03-10,Referral,1369,207,87,59,51,23,170836.4,599.88
2025-03-10,YouTube Ads,7674,161,25,8,5,1,4979.29,2271.37
2025-03-11,Email Marketing,4670,612,209,127,105,39,199650.15,2814.75
2025-03-11,Facebook Ads,11784,246,42,17,11,3,15281.57,3134.73
2025-03-11,Google Ads,9154,281,65,34,24,8,57487.75,5618.2
2025-03-11,Instagram Ads,12225,327,44,18,11,2,8562.68,4560.87
2025-03-11,LinkedIn Ads,5497,201,40,26,20,7,97970.53,6757.19
2025-03-11,Organic Search,12228,557,129,71,51,20,128113.04,1667.13
2025-03-11,Referral,3026,422,174,115,100,48,478780.72,1187.54
2025-03-11,YouTube Ads,6458,110,21,8,5,0,0.0,1753.16
2025-03-12,Email Marketing,3457,427,151,89,71,27,136218.48,1105.45
2025-03-12,Facebook Ads,17362,407,71,35,25,6,31321.3,5350.09
2025-03-12,Google Ads,6614,292,74,43,31,10,60644.96,4161.58
2025-03-12,Instagram Ads,12369,174,26,11,7,1,3812.93,1569.01
2025-03-12,LinkedIn Ads,3984,102,25,15,11,4,49432.99,3415.79
2025-03-12,Organic Search,13754,867,235,131,101,39,340825.85,2167.26
2025-03-12,Referral,2716,320,136,91,73,31,271683.22,675.29
2025-03-12,YouTube Ads,7985,178,27,9,5,1,4566.57,2160.91
2025-03-13,Email Marketing,5053,478,190,116,97,32,209014.95,2077.23
2025-03-13,Facebook Ads,9845,278,54,26,19,5,29969.49,4037.17
2025-03-13,Google Ads,9003,489,98,58,46,15,75906.2,11407.16
2025-03-13,Instagram Ads,14921,247,51,19,12,3,12723.91,2171.96
2025-03-13,LinkedIn Ads,2552,94,21,14,10,3,34688.97,4248.81
2025-03-13,Organic Search,12224,961,222,113,85,35,231715.88,2066.27
2025-03-13,Referral,2513,329,145,103,88,37,288876.93,595.7
2025-03-13,YouTube Ads,6390,164,35,14,9,2,8731.25,3027.64
2025-03-14,Email Marketing,7728,787,303,170,139,52,286240.73,3174.1
2025-03-14,Facebook Ads,17705,498,89,47,36,9,48425.81,4495.38
2025-03-14,Google Ads,14562,601,140,71,54,14,83311.59,9907.72
2025-03-14,Instagram Ads,17395,398,63,28,20,4,17696.51,3120.19
2025-03-14,LinkedIn Ads,5209,193,37,27,20,7,98418.12,8692.05
2025-03-14,Organic Search,13857,647,132,75,55,23,149611.22,1143.12
2025-03-14,Referral,3509,543,227,163,135,62,588139.87,1043.54
2025-03-14,YouTube Ads,10806,261,41,19,13,2,11517.12,3557.39
2025-03-15,Email Marketing,4314,472,178,101,84,30,177481.72,1537.26
2025-03-15,Facebook Ads,9559,179,43,19,14,3,12064.29,1606.49
2025-03-15,Google Ads,10415,347,83,52,36,12,82729.54,7214.69
2025-03-15,Instagram Ads,11038,304,49,21,13,3,16679.49,3065.73
2025-03-15,LinkedIn Ads,3418,103,19,14,10,3,38930.5,4456.08
2025-03-15,Organic Search,7063,495,119,63,47,21,184003.56,925.91
2025-03-15,Referral,1729,182,76,52,41,16,152506.21,515.06
2025-03-15,YouTube Ads,8666,115,18,6,4,0,0.0,1645.12
2025-03-16,Email Marketing,5552,578,173,102,78,29,192996.37,1740.93
2025-03-16,Facebook Ads,9173,145,24,9,6,1,4888.37,1506.36
2025-03-16,Google Ads,8605,348,82,48,38,9,71846.92,4995.85
2025-03-16,Instagram Ads,12266,247,51,25,15,3,17333.04,2525.61
2025-03-16,LinkedIn Ads,3342,132,33,21,16,6,62921.01,6223.88
2025-03-16,Organic Search,5104,267,58,30,20,7,48118.58,563.66
2025-03-16,Referral,1914,263,128,94,77,33,325386.89,319.18
2025-03-16,YouTube Ads,4608,73,12,4,2,0,0.0,819.42
2025-03-17,Email Marketing,6227,566,200,111,87,29,160891.31,1199.6
2025-03-17,Facebook Ads,10963,305,50,26,16,4,23478.36,4082.76
2025-03-17,Google Ads,6238,200,58,30,24,7,55064.41,2955.71
2025-03-17,Instagram Ads,17001,426,89,36,23,4,18346.57,4106.37
2025-03-17,LinkedIn Ads,4178,96,23,14,10,3,41092.04,4409.17
2025-03-17,Organic Search,14600,1140,260,131,91,35,224825.9,3300.94
2025-03-17,Referral,3290,364,181,124,106,46,348498.22,820.94
2025-03-17,YouTube Ads,6022,173,37,17,11,2,9339.16,1849.43
2025-03-18,Email Marketing,3735,376,116,74,55,19,106691.81,891.02
2025-03-18,Facebook Ads,10360,192,34,16,11,2,11295.99,2023.2
2025-03-18,Google Ads,8137,399,94,49,38,12,64761.67,7110.67
2025-03-18,Instagram Ads,9244,180,36,14,8,2,10335.48,1692.09
2025-03-18,LinkedIn Ads,2101,71,15,9,7,2,20805.81,2679.27
2025-03-18,Organic Search,14334,666,184,95,73,29,222197.41,1844.13
2025-03-18,Referral,2603,311,129,95,77,33,264543.52,783.61
2025-03-18,YouTube Ads,11664,288,55,26,15,2,8907.91,4219.3
2025-03-19,Email Marketing,5728,540,177,110,87,27,173616.75,2646.98
2025-03-19,Facebook Ads,18914,445,100,52,36,8,37812.09,6202.99
2025-03-19,Google Ads,12439,716,173,95,80,23,139263.84,13525.59
2025-03-19,Instagram Ads,15733,425,79,38,28,7,27317.69,4150.28
2025-03-19,LinkedIn Ads,3607,120,27,19,14,5,68734.24,4047.41
2025-03-19,Organic Search,14614,834,198,116,86,36,264246.46,1254.62
2025-03-19,Referral,1370,165,66,43,37,15,142759.49,383.89
2025-03-19,YouTube Ads,8854,115,23,10,7,1,5147.13,2271.72
2025-03-20,Email Marketing,7650,894,291,161,132,41,248662.61,2600.04
2025-03-20,Facebook Ads,12723,281,66,29,22,4,22780.38,3775.96
2025-03-20,Google Ads,8416,416,86,54,38,10,67919.37,9217.5
2025-03-20,Instagram Ads,8999,169,24,11,7,1,4223.49,1415.44
2025-03-20,LinkedIn Ads,2165,57,13,9,7,2,27192.45,2796.56
2025-03-20,Organic Search,11079,709,151,81,61,27,236730.9,1740.78
2025-03-20,Referral,3286,523,219,156,131,60,515158.19,1035.32
2025-03-20,YouTube Ads,7341,149,24,11,6,0,0.0,2140.01
2025-03-21,Email Marketing,5884,519,157,87,72,22,129267.6,1108.3
2025-03-21,Facebook Ads,16845,261,51,22,17,3,16443.98,3097.99
2025-03-21,Google Ads,9377,359,91,50,41,14,83771.13,6829.51
2025-03-21,Instagram Ads,12335,164,35,15,10,2,9316.6,1703.06
2025-03-21,LinkedIn Ads,2299,50,13,8,5,1,10309.73,2268.75
2025-03-21,Organic Search,13595,686,160,80,58,23,160937.44,1469.28
2025-03-21,Referral,1946,215,93,61,52,25,239880.33,632.13
2025-03-21,YouTube Ads,9205,221,37,16,10,1,4563.84,3884.69
2025-03-22,Email Marketing,6412,854,313,181,139,52,283482.11,2922.79
2025-03-22,Facebook Ads,10301,286,58,27,17,3,14261.92,4217.3
2025-03-22,Google Ads,6953,401,82,46,38,11,63241.56,7805.09
2025-03-22,Instagram Ads,11590,153,29,14,9,1,5332.69,1694.02
2025-03-22,LinkedIn Ads,3081,115,28,20,16,5,55044.87,4162.29
2025-03-22,Organic Search,9817,408,92,50,34,15,95865.89,578.62
2025-03-22,Referral,1369,242,107,75,58,23,217349.21,457.78
2025-03-22,YouTube Ads,9517,111,20,9,5,1,5870.79,1258.4
2025-03-23,Email Marketing,4439,585,188,104,81,28,159868.65,1464.88
2025-03-23,Facebook Ads,14606,422,71,36,27,5,22827.65,4519.86
2025-03-23,Google Ads,10637,619,165,91,76,21,149150.93,10722.15
2025-03-23,Instagram Ads,8796,243,45,21,16,3,14007.19,3064.93
2025-03-23,LinkedIn Ads,4656,109,29,18,13,4,52164.23,4128.39
2025-03-23,Organic Search,8159,345,85,50,34,13,94354.05,803.67
2025-03-23,Referral,2637,372,167,108,91,42,340399.51,400.57
2025-03-23,YouTube Ads,10075,185,34,16,11,2,11457.47,3325.94
2025-03-24,Email Marketing,7940,904,287,183,145,53,270318.59,4475.83
2025-03-24,Facebook Ads,8825,205,39,20,13,3,12327.66,2440.28
2025-03-24,Google Ads,9568,423,100,64,51,13,83741.84,9572.32
2025-03-24,Instagram Ads,17690,357,55,24,18,3,12174.43,2980.5
2025-03-24,LinkedIn Ads,3191,113,25,15,11,3,35145.4,5514.23
2025-03-24,Organic Search,6870,472,105,54,36,12,76839.6,1203.11
2025-03-24,Referral,2403,385,170,110,94,37,358156.8,971.66
2025-03-24,YouTube Ads,8029,166,30,12,8,1,5230.14,2217.46
2025-03-25,Email Marketing,7803,917,276,158,125,46,321578.78,3850.92
2025-03-25,Facebook Ads,11390,218,41,22,14,3,12927.12,1870.01
2025-03-25,Google Ads,14269,839,210,119,88,30,202184.66,12944.21
2025-03-25,Instagram Ads,11835,238,36,15,9,1,5689.41,3276.29
2025-03-25,LinkedIn Ads,3339,104,28,16,13,5,54036.19,3309.96
2025-03-25,Organic Search,8587,528,128,69,48,21,157394.98,1429.1
2025-03-25,Referral,2809,344,156,112,93,46,373194.37,764.6
2025-03-25,YouTube Ads,10405,139,24,9,5,1,5588.03,2063.0
2025-03-26,Email Marketing,4604,537,198,114,93,28,161632.11,1153.41
2025-03-26,Facebook Ads,15779,357,69,37,27,7,35968.89,3204.49
2025-03-26,Google Ads,10764,433,121,64,46,13,65354.39,7191.48
2025-03-26,Instagram Ads,16547,352,68,29,17,3,16602.36,3436.0
2025-03-26,LinkedIn Ads,2975,117,32,20,15,5,61085.98,5771.9
2025-03-26,Organic Search,9181,483,115,61,42,15,108500.1,1424.76
2025-03-26,Referral,2334,367,182,122,103,48,348755.28,812.78
2025-03-26,YouTube Ads,9738,109,20,9,5,1,5687.63,1123.09
2025-03-27,Email Marketing,3304,426,128,75,58,21,117771.97,1831.26
2025-03-27,Facebook Ads,14537,245,43,18,12,2,8869.81,3167.41
2025-03-27,Google Ads,9603,350,74,47,33,8,54885.64,6117.38
2025-03-27,Instagram Ads,11033,201,43,22,16,3,13301.42,1502.73
2025-03-27,LinkedIn Ads,3067,92,23,16,13,4,46256.68,4024.51
2025-03-27,Organic Search,13304,688,162,92,70,31,247595.57,997.82
2025-03-27,Referral,2829,541,224,162,135,57,456075.8,1054.34
2025-03-27,YouTube Ads,9055,251,47,20,13,2,9968.01,3094.47
2025-03-28,Email Marketing,3727,526,185,110,83,30,199691.15,2421.7
2025-03-28,Facebook Ads,18412,471,75,38,29,8,42302.53,4143.75
2025-03-28,Google Ads,8102,287,71,38,28,8,62265.9,4400.53
2025-03-28,Instagram Ads,16177,343,64,28,19,3,11888.68,3935.15
2025-03-28,LinkedIn Ads,3740,96,22,13,10,3,31564.7,3193.64
2025-03-28,Organic Search,11634,500,104,52,36,13,93017.26,760.05
2025-03-28,Referral,3828,616,297,214,169,80,713385.88,954.92
2025-03-28,YouTube Ads,7386,221,37,14,10,1,5450.65,3749.68
2025-03-29,Email Marketing,3689,376,117,72,54,19,128851.62,1733.02
2025-03-29,Facebook Ads,13431,399,96,44,28,6,32417.99,5500.11
2025-03-29,Google Ads,11359,672,199,101,83,26,140011.29,13758.14
2025-03-29,Instagram Ads,10244,131,22,9,6,1,4850.64,1202.79
2025-03-29,LinkedIn Ads,1924,75,16,10,7,2,27153.22,3243.35
2025-03-29,Organic Search,8535,498,102,57,44,16,136264.29,917.62
2025-03-29,Referral,3086,383,174,116,91,44,408324.61,1011.51
2025-03-29,YouTube Ads,4540,122,22,8,5,0,0.0,2143.11
2025-03-30,Email Marketing,5177,697,258,163,123,46,256324.42,3173.13
2025-03-30,Facebook Ads,12642,345,63,28,20,4,21881.83,2824.26
2025-03-30,Google Ads,5836,208,45,22,17,5,25735.07,2948.4
2025-03-30,Instagram Ads,11799,251,49,23,14,3,12179.14,1978.58
2025-03-30,LinkedIn Ads,3999,148,40,27,20,6,77362.69,6846.04
2025-03-30,Organic Search,9999,525,145,72,53,19,124025.75,1272.83
2025-03-30,Referral,1450,216,106,71,56,26,253119.24,432.27
2025-03-30,YouTube Ads,5122,117,19,7,4,0,0.0,2053.15
2025-03-31,Email Marketing,3834,554,211,123,100,35,222786.98,2233.38
2025-03-31,Facebook Ads,18983,360,86,35,26,7,41556.58,3305.25
2025-03-31,Google Ads,9479,399,119,64,47,13,74840.59,7838.73
2025-03-31,Instagram Ads,11981,325,62,26,16,3,12263.21,2486.61
2025-03-31,LinkedIn Ads,2418,68,17,10,7,2,20976.1,2308.17
2025-03-31,Organic Search,11658,590,119,64,50,20,179497.46,1572.22
2025-03-31,Referral,1490,252,117,87,76,35,328848.36,374.78
2025-03-31,YouTube Ads,5749,147,31,12,8,1,4620.74,2113.51
2025-04-01,Email Marketing,7827,1127,394,248,189,75,399559.34,5514.48
2025-04-01,Facebook Ads,11215,321,68,34,23,6,28503.86,2631.19
2025-04-01,Google Ads,12621,733,215,113,93,30,156055.62,12115.3
2025-04-01,Instagram Ads,13894,199,40,16,11,2,8029.8,2223.29
2025-04-01,LinkedIn Ads,2067,78,16,11,9,2,26628.6,2753.67
2025-04-01,Organic Search,8694,382,84,48,34,12,107329.8,643.46
2025-04-01,Referral,2889,409,170,127,109,46,329814.33,466.32
2025-04-01,YouTube Ads,5842,126,27,11,7,1,5463.75,2152.82
2025-04-02,Email Marketing,3719,299,90,54,42,14,81835.23,604.69
2025-04-02,Facebook Ads,17792,382,87,42,32,7,36820.26,4671.91
2025-04-02,Google Ads,6739,275,72,36,27,8,51388.81,6589.62
2025-04-02,Instagram Ads,11591,165,22,8,6,1,5272.07,1399.29
2025-04-02,LinkedIn Ads,3280,98,19,14,11,4,55247.22,3737.28
2025-04-02,Organic Search,12462,719,185,96,74,30,201304.84,1022.08
2025-04-02,Referral,2884,527,232,156,135,63,533213.14,999.28
2025-04-02,YouTube Ads,6429,144,25,12,8,1,5833.51,2254.83
2025-04-03,Email Marketing,3547,523,166,102,79,29,184058.34,2264.83
2025-04-03,Facebook Ads,18978,380,93,44,32,8,38013.14,3384.15
2025-04-03,Google Ads,13008,566,153,89,68,18,103274.2,10549.88
2025-04-03,Instagram Ads,8090,177,30,14,8,1,5653.17,1742.45
2025-04-03,LinkedIn Ads,4841,137,31,18,15,5,64645.21,4892.01
2025-04-03,Organic Search,11530,872,179,95,67,30,245935.14,1551.1
2025-04-03,Referral,3054,370,156,105,86,36,346974.45,384.54
2025-04-03,YouTube Ads,11759,197,34,11,7,1,4319.33,2258.82
2025-04-04,Email Marketing,3715,300,107,68,55,21,127764.64,611.95
2025-04-04,Facebook Ads,12804,373,71,36,26,7,29223.84,5354.16
2025-04-04,Google Ads,12900,625,127,75,55,15,111492.08,13560.82
2025-04-04,Instagram Ads,17301,436,87,35,26,6,34227.12,3934.49
2025-04-04,LinkedIn Ads,2199,50,11,7,5,1,10222.94,2460.37
2025-04-04,Organic Search,10136,607,124,70,51,21,135411.04,1196.14
2025-04-04,Referral,2944,345,168,119,94,46,332059.99,702.67
2025-04-04,YouTube Ads,9387,141,29,13,9,1,5506.95,2051.49
2025-04-05,Email Marketing,6012,874,307,198,159,53,317256.17,3971.99
2025-04-05,Facebook Ads,7725,146,34,14,10,2,9424.27,1804.85
2025-04-05,Google Ads,5376,249,63,32,24,8,42381.7,5617.82
2025-04-05,Instagram Ads,13326,209,39,16,11,2,11066.38,1648.51
2025-04-05,LinkedIn Ads,3718,83,18,11,8,3,37592.1,2665.62
2025-04-05,Organic Search,8710,519,138,80,58,22,169802.99,1029.62
2025-04-05,Referral,1457,261,117,79,62,26,205797.78,756.52
2025-04-05,YouTube Ads,5254,100,17,6,3,0,0.0,1551.71
2025-04-06,Email Marketing,6473,764,249,154,125,49,310861.83,2135.49
2025-04-06,Facebook Ads,14034,214,41,21,14,3,16451.97,2019.06
2025-04-06,Google Ads,8052,474,112,60,44,13,73033.54,10236.13
2025-04-06,Instagram Ads,6438,165,24,12,7,1,5611.82,1523.71
2025-04-06,LinkedIn Ads,2130,50,11,6,4,1,11881.3,2476.49
2025-04-06,Organic Search,5497,244,48,28,21,9,62101.81,492.75
2025-04-06,Referral,1235,158,69,50,41,16,116911.94,163.7
2025-04-06,YouTube Ads,6692,191,37,17,11,2,11503.73,2117.04
2025-04-07,Email Marketing,5807,533,170,98,79,25,173505.84,1252.01
2025-04-07,Facebook Ads,8603,137,23,9,6,1,5672.16,1226.48
2025-04-07,Google Ads,12831,449,112,64,50,17,112551.08,8889.17
2025-04-07,Instagram Ads,8702,146,22,9,5,1,5773.14,1438.37
2025-04-07,LinkedIn Ads,2223,50,9,6,4,1,12635.04,2011.94
2025-04-07,Organic Search,6197,446,117,61,42,15,118926.3,1068.11
2025-04-07,Referral,3348,648,304,202,162,78,562970.22,919.26
2025-04-07,YouTube Ads,9922,179,38,17,10,2,9348.85,2252.82
2025-04-08,Email Marketing,7598,658,233,145,119,42,276983.33,1645.24
2025-04-08,Facebook Ads,9840,201,37,15,11,2,9466.89,1875.87
2025-04-08,Google Ads,9022,284,70,36,27,7,51866.58,6170.87
2025-04-08,Instagram Ads,8163,180,25,12,8,1,5622.68,1988.99
2025-04-08,LinkedIn Ads,4216,99,21,15,12,4,57879.46,4686.31
2025-04-08,Organic Search,12481,542,128,66,47,16,122394.09,975.96
2025-04-08,Referral,2858,475,229,153,121,58,575608.25,623.78
2025-04-08,YouTube Ads,10897,218,47,17,10,2,11713.49,2943.01
2025-04-09,Email Marketing,4911,545,184,107,85,32,193552.3,1681.49
2025-04-09,Facebook Ads,17922,420,95,48,32,8,38913.86,5911.11
2025-04-09,Google Ads,5656,262,67,40,29,8,44678.63,5878.44
2025-04-09,Instagram Ads,17632,339,48,20,15,3,16687.5,4433.0
2025-04-09,LinkedIn Ads,3400,73,18,11,9,3,41668.64,2898.49
2025-04-09,Organic Search,12036,611,135,80,61,24,146109.56,1402.51
2025-04-09,Referral,2854,430,195,133,104,43,353722.24,1247.64
2025-04-09,YouTube Ads,8266,91,13,5,3,0,0.0,1131.24
2025-04-10,Email Marketing,5518,762,279,162,136,53,269178.26,2002.57
2025-04-10,Facebook Ads,13012,209,37,20,14,3,15109.23,1682.76
2025-04-10,Google Ads,6682,238,58,31,22,6,44841.31,4881.31
2025-04-10,Instagram Ads,7412,156,33,17,11,2,10294.44,2123.96
2025-04-10,LinkedIn Ads,2259,66,13,8,6,2,21642.7,2450.94
2025-04-10,Organic Search,12671,926,256,150,112,45,303298.62,977.56
2025-04-10,Referral,2378,387,176,127,102,46,379085.84,455.22
2025-04-10,YouTube Ads,10251,244,53,20,13,2,11427.8,3515.07
2025-04-11,Email Marketing,7408,859,324,196,157,48,290835.23,2043.06
2025-04-11,Facebook Ads,14145,411,63,28,21,5,24247.94,3860.97
2025-04-11,Google Ads,11842,668,147,92,65,22,130762.78,11550.21
2025-04-11,Instagram Ads,11241,299,59,26,20,4,17298.19,2214.89
2025-04-11,LinkedIn Ads,3744,86,23,16,12,4,58825.58,3820.89
2025-04-11,Organic Search,8419,343,88,44,33,13,96884.31,1007.61
2025-04-11,Referral,1190,184,89,66,54,23,174195.71,517.65
2025-04-11,YouTube Ads,9308,168,25,10,6,1,4536.09,3273.97
2025-04-12,Email Marketing,4130,337,108,67,51,15,75299.08,1153.67
2025-04-12,Facebook Ads,13404,395,87,46,33,6,25522.47,4620.41
2025-04-12,Google Ads,11147,352,89,45,37,12,89660.27,7243.98
2025-04-12,Instagram Ads,11489,226,42,16,10,2,9134.44,3085.7
2025-04-12,LinkedIn Ads,3142,107,25,16,12,3,31959.52,5277.29
2025-04-12,Organic Search,5748,415,108,63,49,20,166970.92,458.44
2025-04-12,Referral,3006,540,243,163,140,66,492827.13,1599.22
2025-04-12,YouTube Ads,5592,79,16,6,3,0,0.0,809.61
2025-04-13,Email Marketing,3570,366,116,70,53,17,104043.94,1497.32
2025-04-13,Facebook Ads,13627,385,75,36,24,6,27223.19,5686.95
2025-04-13,Google Ads,7355,406,103,65,54,13,74763.99,5990.17
2025-04-13,Instagram Ads,10576,141,25,11,6,1,4843.66,1316.76
2025-04-13,LinkedIn Ads,3691,74,18,12,9,2,29551.75,3337.3
2025-04-13,Organic Search,8056,457,111,55,37,16,129926.57,528.18
2025-04-13,Referral,3196,406,177,125,108,53,384772.54,1006.53
2025-04-13,YouTube Ads,8231,149,27,9,5,1,4603.32,2166.4
2025-04-14,Email Marketing,7091,652,248,153,123,45,237455.78,2109.91
2025-04-14,Facebook Ads,14401,344,64,33,24,5,25368.59,3062.79
2025-04-14,Google Ads,8840,491,134,72,51,14,94426.73,11394.91
2025-04-14,Instagram Ads,17302,292,60,29,18,3,15770.96,2252.18
2025-04-14,LinkedIn Ads,2798,76,17,12,8,2,25408.27,3017.31
2025-04-14,Organic Search,11991,731,183,97,76,31,227831.77,855.86
2025-04-14,Referral,3269,586,263,194,156,68,658836.37,1639.16
2025-04-14,YouTube Ads,9799,266,41,19,12,2,9671.87,3296.72
2025-04-15,Email Marketing,5717,486,184,105,85,32,207416.53,1791.22
2025-04-15,Facebook Ads,18722,493,90,46,30,6,33692.43,5136.76
2025-04-15,Google Ads,7511,297,63,34,26,7,50675.49,5187.75
2025-04-15,Instagram Ads,9709,126,17,8,5,1,4855.16,1371.77
2025-04-15,LinkedIn Ads,4621,113,30,19,15,4,47034.2,4232.21
2025-04-15,Organic Search,11956,648,171,90,67,28,193432.48,1139.13
2025-04-15,Referral,2378,432,212,149,126,61,469470.38,517.14
2025-04-15,YouTube Ads,9962,263,55,22,13,2,9164.79,3236.83
2025-04-16,Email Marketing,4521,389,116,69,57,20,111473.87,1944.07
2025-04-16,Facebook Ads,19538,529,103,44,34,7,35884.3,4828.13
2025-04-16,Google Ads,12722,410,115,64,50,12,63229.23,7123.17
2025-04-16,Instagram Ads,17381,209,31,15,9,1,5523.69,2297.18
2025-04-16,LinkedIn Ads,3908,155,38,23,19,6,76736.38,5540.95
2025-04-16,Organic Search,8524,395,84,44,34,14,93756.17,1165.32
2025-04-16,Referral,3643,483,198,145,122,50,393088.65,898.22
2025-04-16,YouTube Ads,10157,193,42,15,9,1,4631.87,2901.05
2025-04-17,Email Marketing,4177,606,233,144,114,40,277261.64,2984.99
2025-04-17,Facebook Ads,12781,252,49,21,16,3,15160.9,2188.95
2025-04-17,Google Ads,12292,691,203,126,104,31,183225.86,15380.89
2025-04-17,Instagram Ads,7628,105,15,6,4,1,4652.64,1278.51
2025-04-17,LinkedIn Ads,3334,87,22,13,9,3,31963.22,3440.23
2025-04-17,Organic Search,7937,574,123,64,48,18,112806.53,1643.41
2025-04-17,Referral,2534,486,238,158,129,59,584339.92,640.93
2025-04-17,YouTube Ads,11403,152,24,8,5,0,0.0,2152.75
2025-04-18,Email Marketing,6836,645,214,127,107,42,240090.4,1690.3
2025-04-18,Facebook Ads,15535,297,71,35,23,6,24932.55,4367.2
2025-04-18,Google Ads,10990,353,78,49,40,13,77753.26,5010.49
2025-04-18,Instagram Ads,12855,216,35,14,9,2,7931.66,2272.65
2025-04-18,LinkedIn Ads,4480,120,31,20,14,4,45311.75,5445.03
2025-04-18,Organic Search,7344,443,104,61,48,18,156396.76,878.68
2025-04-18,Referral,3420,343,148,102,81,34,303623.71,368.92
2025-04-18,YouTube Ads,6837,75,12,5,3,0,0.0,1062.05
2025-04-19,Email Marketing,4956,661,207,118,98,29,172478.85,2814.66
2025-04-19,Facebook Ads,16330,256,43,20,14,2,10596.62,2770.25
2025-04-19,Google Ads,5954,217,49,25,18,6,37415.04,4373.3
2025-04-19,Instagram Ads,12476,277,44,17,11,2,9500.68,3776.44
2025-04-19,LinkedIn Ads,2778,98,22,14,11,4,40939.29,4259.1
2025-04-19,Organic Search,8517,343,91,48,35,14,124151.16,825.0
2025-04-19,Referral,2204,308,152,108,87,35,283029.07,827.01
2025-04-19,YouTube Ads,8179,158,25,11,6,1,4872.09,2443.65
2025-04-20,Email Marketing,3575,338,109,68,52,16,107700.64,1187.32
2025-04-20,Facebook Ads,15393,300,57,26,17,3,13444.28,4388.5
2025-04-20,Google Ads,10613,581,161,81,59,17,127582.8,13565.32
2025-04-20,Instagram Ads,8193,109,23,10,7,1,5043.01,1026.71
2025-04-20,LinkedIn Ads,1831,43,11,7,5,1,10001.21,1748.86
2025-04-20,Organic Search,6946,299,68,39,29,12,100535.85,872.84
2025-04-20,Referral,2389,356,143,107,87,36,282703.14,830.7
2025-04-20,YouTube Ads,7735,168,30,14,8,1,5327.25,2583.32
2025-04-21,Email Marketing,6115,521,182,103,83,30,194297.73,1912.14
2025-04-21,Facebook Ads,10462,233,55,26,20,4,16957.97,2663.92
2025-04-21,Google Ads,12839,537,142,74,62,17,86037.4,11435.53
2025-04-21,Instagram Ads,15829,252,53,26,20,4,21428.13,2958.39
2025-04-21,LinkedIn Ads,2524,80,14,9,6,1,12162.19,2984.08
2025-04-21,Organic Search,9020,636,149,81,61,21,164970.86,1467.88
2025-04-21,Referral,1929,209,85,63,53,21,184326.43,358.11
2025-04-21,YouTube Ads,10849,117,19,9,5,0,0.0,2292.06
2025-04-22,Email Marketing,7334,908,333,187,157,49,270952.0,3926.21
2025-04-22,Facebook Ads,12896,230,46,24,18,3,15431.39,2955.04
2025-04-22,Google Ads,7616,243,49,26,21,6,46529.13,5152.41
2025-04-22,Instagram Ads,16982,237,42,21,14,3,13068.86,1775.89
2025-04-22,LinkedIn Ads,3298,128,26,17,13,4,54770.78,5085.29
2025-04-22,Organic Search,14402,990,257,134,98,40,252475.13,2514.55
2025-04-22,Referral,3887,734,313,229,190,84,734404.08,1195.59
2025-04-22,YouTube Ads,10109,184,35,15,10,1,4916.51,3421.94
2025-04-23,Email Marketing,4845,433,152,85,71,22,127892.01,1194.34
2025-04-23,Facebook Ads,19900,528,90,42,28,6,33254.7,7107.19
2025-04-23,Google Ads,7624,284,70,44,33,10,64281.7,4250.97
2025-04-23,Instagram Ads,9509,254,46,19,13,3,14318.43,2773.49
2025-04-23,LinkedIn Ads,4019,94,24,16,11,4,58946.14,4572.99
2025-04-23,Organic Search,9448,678,160,82,58,23,180204.24,877.95
2025-04-23,Referral,2697,462,228,168,146,61,482316.64,583.57
2025-04-23,YouTube Ads,11265,331,69,25,18,3,14654.36,3340.82
2025-04-24,Email Marketing,7029,601,191,112,89,29,200907.13,1780.24
2025-04-24,Facebook Ads,17833,509,82,39,27,5,28627.71,6454.03
2025-04-24,Google Ads,5460,252,58,33,26,8,50417.17,5195.99
2025-04-24,Instagram Ads,8791,219,45,22,14,3,14714.03,2024.58
2025-04-24,LinkedIn Ads,2202,45,11,7,5,1,10002.01,1952.96
2025-04-24,Organic Search,11774,481,112,65,46,16,125088.66,1210.57
2025-04-24,Referral,2710,285,118,84,67,30,235515.65,595.58
2025-04-24,YouTube Ads,11638,312,62,22,13,2,11913.06,3621.43
2025-04-25,Email Marketing,3945,473,152,96,81,28,153107.24,1445.93
2025-04-25,Facebook Ads,8487,243,56,24,18,3,15159.57,3588.64
2025-04-25,Google Ads,6585,293,69,41,29,8,61306.04,4906.89
2025-04-25,Instagram Ads,10336,183,24,12,7,1,5697.83,1848.14
2025-04-25,LinkedIn Ads,2983,91,20,14,10,3,41072.26,3120.51
2025-04-25,Organic Search,6448,327,82,45,35,13,97083.59,780.79
2025-04-25,Referral,2537,321,143,99,84,41,292190.66,532.42
2025-04-25,YouTube Ads,8474,177,28,12,8,1,5750.73,2118.88
2025-04-26,Email Marketing,5993,704,230,127,97,37,203492.73,2856.88
2025-04-26,Facebook Ads,8728,248,53,26,17,4,16629.58,2193.99
2025-04-26,Google Ads,10238,446,113,70,54,15,101060.84,8443.88
2025-04-26,Instagram Ads,10880,200,36,14,9,1,4922.3,2781.94
2025-04-26,LinkedIn Ads,4037,107,20,14,10,3,30370.46,4600.71
2025-04-26,Organic Search,5601,378,92,49,35,13,115856.05,884.23
2025-04-26,Referral,1298,207,91,63,50,24,207125.22,407.9
2025-04-26,YouTube Ads,6063,82,12,5,3,0,0.0,1140.11
2025-04-27,Email Marketing,5132,555,178,102,81,27,154887.96,2631.5
2025-04-27,Facebook Ads,8773,159,24,12,8,1,4254.82,1583.2
2025-04-27,Google Ads,8238,338,71,38,30,9,57422.77,5699.44
2025-04-27,Instagram Ads,11927,157,22,10,6,1,4312.04,1711.61
2025-04-27,LinkedIn Ads,3912,87,20,13,9,3,44983.57,4126.12
2025-04-27,Organic Search,7956,440,117,66,49,18,110071.65,1159.76
2025-04-27,Referral,3070,464,204,142,120,48,400330.49,1272.8
2025-04-27,YouTube Ads,6290,80,14,5,3,0,0.0,1136.72
2025-04-28,Email Marketing,4846,559,199,123,96,34,207237.89,2099.67
2025-04-28,Facebook Ads,8870,246,42,21,15,4,17038.26,2183.4
2025-04-28,Google Ads,10992,596,125,69,51,15,78525.22,13476.24
2025-04-28,Instagram Ads,13125,356,59,25,17,4,23163.87,4577.62
2025-04-28,LinkedIn Ads,2090,46,11,7,5,1,10281.91,2104.02
2025-04-28,Organic Search,11764,592,122,62,43,17,137765.96,1587.08
2025-04-28,Referral,3367,454,199,137,109,44,438576.6,990.55
2025-04-28,YouTube Ads,6167,67,13,5,3,0,0.0,1303.6
2025-04-29,Email Marketing,5672,721,246,153,122,37,247159.87,1857.33
2025-04-29,Facebook Ads,16826,419,67,34,24,6,24661.88,6049.98
2025-04-29,Google Ads,11619,510,134,76,55,16,118908.98,9835.78
2025-04-29,Instagram Ads,16027,201,32,14,8,2,8274.4,1418.76
2025-04-29,LinkedIn Ads,4323,148,40,28,22,7,74205.57,4443.8
2025-04-29,Organic Search,12524,949,198,118,83,29,198453.43,2842.11
2025-04-29,Referral,3004,353,161,119,96,44,390472.99,485.66
2025-04-29,YouTube Ads,7355,104,17,6,4,0,0.0,1295.09
2025-04-30,Email Marketing,4597,558,171,96,72,27,175678.9,2375.53
2025-04-30,Facebook Ads,14161,350,83,38,29,7,36445.11,3997.08
2025-04-30,Google Ads,8205,429,127,71,58,17,120221.76,6680.54
2025-04-30,Instagram Ads,10581,293,55,21,13,3,11543.31,2166.54
2025-04-30,LinkedIn Ads,3800,101,22,14,10,3,33002.31,4069.43
2025-04-30,Organic Search,12446,831,197,111,75,30,225032.25,2123.83
2025-04-30,Referral,2072,264,122,87,75,32,277890.16,670.44
2025-04-30,YouTube Ads,11179,229,42,18,12,2,8213.74,2458.46
2025-05-01,Email Marketing,4185,465,142,91,70,27,188218.3,1524.12
2025-05-01,Facebook Ads,11674,321,50,26,17,4,21424.98,4671.18
2025-05-01,Google Ads,14375,659,172,98,69,22,130572.42,14150.21
2025-05-01,Instagram Ads,11558,266,42,17,13,3,13531.74,3062.47
2025-05-01,LinkedIn Ads,2196,45,10,7,5,1,11833.76,1380.08
2025-05-01,Organic Search,10986,848,169,97,76,27,196390.38,1011.03
2025-05-01,Referral,3801,586,265,175,136,65,578600.71,688.64
2025-05-01,YouTube Ads,11402,161,31,11,7,1,4602.46,2794.89
2025-05-02,Email Marketing,4705,640,249,149,118,35,175910.71,2968.07
2025-05-02,Facebook Ads,9538,203,35,17,11,3,13178.65,2891.28
2025-05-02,Google Ads,9633,462,100,61,45,14,98900.94,7199.27
2025-05-02,Instagram Ads,13752,184,30,14,10,2,9112.1,1651.91
2025-05-02,LinkedIn Ads,2411,82,18,12,9,2,20257.42,3008.11
2025-05-02,Organic Search,14502,863,196,116,79,32,213054.76,1810.46
2025-05-02,Referral,2286,377,178,115,100,41,319407.23,553.12
2025-05-02,YouTube Ads,5264,65,14,5,3,0,0.0,1117.65
2025-05-03,Email Marketing,4965,549,168,100,83,30,179640.7,2468.57
2025-05-03,Facebook Ads,9385,273,65,31,21,5,27275.79,2971.05
2025-05-03,Google Ads,6434,197,43,21,15,4,26191.35,3210.94
2025-05-03,Instagram Ads,10172,261,56,23,16,3,13880.79,2193.26
2025-05-03,LinkedIn Ads,2401,90,17,11,8,2,28690.99,3389.52
2025-05-03,Organic Search,6006,243,54,30,23,8,58106.85,483.89
2025-05-03,Referral,1896,233,96,64,50,20,177635.5,237.29
2025-05-03,YouTube Ads,6132,180,29,11,7,1,4063.99,3310.57
2025-05-04,Email Marketing,2737,409,128,80,63,22,128168.09,1898.56
2025-05-04,Facebook Ads,7351,160,32,17,11,3,14364.5,1515.25
2025-05-04,Google Ads,12241,694,175,101,80,23,118089.02,14207.72
2025-05-04,Instagram Ads,8910,163,23,10,7,1,5497.54,1700.79
2025-05-04,LinkedIn Ads,4100,122,25,18,14,4,56062.66,4316.65
2025-05-04,Organic Search,9211,386,77,40,30,10,72328.82,473.82
2025-05-04,Referral,2501,428,178,117,102,43,412390.4,1158.46
2025-05-04,YouTube Ads,8846,118,24,11,7,1,4243.78,1489.76
2025-05-05,Email Marketing,5101,727,289,177,135,52,275989.93,2579.94
2025-05-05,Facebook Ads,12576,215,45,22,17,3,12379.58,3150.07
2025-05-05,Google Ads,10097,480,113,64,48,15,82376.41,11046.04
2025-05-05,Instagram Ads,13633,176,37,16,11,2,7754.37,1417.18
2025-05-05,LinkedIn Ads,5515,145,27,18,14,4,40656.0,5147.2
2025-05-05,Organic Search,14295,1004,259,147,103,38,253048.39,2386.09
2025-05-05,Referral,2316,412,197,136,116,56,430375.54,951.54
2025-05-05,YouTube Ads,6918,112,17,6,3,0,0.0,2137.45
